"tweet","date"
"Me and my Udemy courses:","4/3/2023 00.00.00"
"interesting reads on topics about applying tech on government policy yadda yadda

So you want to reform democracy by Joshua Tauberer","2/3/2023 00.00.00"
"Ada tambun coyy","1/3/2023 00.00.00"
"Forbes 30 under arrest ini mah","15/1/2023 00.00.00"
"SMA mah dispensasi buat cabut berkedok ikut lomba meskipun ga pernah menang , ini malah dispensasi nikah","12/1/2023 00.00.00"
"NieR:Automata Ver1.1a | Promotion File 009
All existence is designed to become extinct.

NieR:Automata Ver1.1a is now streaming every Saturday on 
@Crunchyroll
!

■ OPENING
#Aimer “escalate”

■ ENDING
#amazarashi ""Antinomy""","9/1/2023 00.00.00"
"Mencapai hidup yang otentik bukanlah sebuah proses yang mudah. Kierkegaard memberikan 3 tahap dalam kehidupan manusia untuk akhirnya dapat menghayati hidup yang otentik

Tahapan Eksistensi Manusia Menurut Søren Kierkegaard

- 1 minute thread","8/1/2023 00.00.00"
"Bahas model stable diffusion di TA matem kira kira abakal sekompleks dan se rigid apa yak??","10/1/2023 00.00.00"
"Kalo ganyang kayak gini, ayam cola masih ada ga ya 
@cimaaawww","10/1/2023 00.00.00"
"Okay, it's time to do detox on twitter for next 2 weeks lagi kayaknya","9/1/2023 00.00.00"
"Jadi jelek dah","2/1/2023 00.00.00"
"As a Biostatistics PhD candidate at the Harvard School of Public Health, I gotta say this:

 Public health is inherently political ","31/12/2022 00.00.00"
"Mau belajar webdev kedistract series series asik terus ","29/12/2022 00.00.00"
"My causal data science course on Udemy reached 2,000 students! 

To celebrate I created a special coupon link which lets you sign up at a reduced price for the next 30 days: https://udemy.com/course/causal-data-science/?couponCode=DFB8E7FB49A12767BA2F…

#Causality #DataScience #AI #MachineLearning #NewYearsResolution #LearnMore","29/12/2022 00.00.00"
"OpenAI's new ChatGPT explains the worst-case time complexity of the bubble sort algorithm, with Python code examples, in the style of a fast-talkin' wise guy from a 1940's gangster movie:","1/12/2022 00.00.00"
"Oh my God. OH MY GOD. I have found The Book. You know, the one that you read when you were 13 and barely remember anything about but then spent, like, 20 years on a holy quest to find said Book, just to prove that it actually exists? 

IT EXISTS.","2/12/2022 00.00.00"
"Gw selalu begini, meski gw ga ngerti apa apa yang dijelasin dosen","2/12/2022 00.00.00"
"anjerr ini namanya ga ada sensor sama sekali kahh??  https://twitter.com/BetaEpsilonPhi/status/1597940775886950400…","30/11/2022 00.00.00"
"anjir make graf buat text classification aneh banget, ga ada ptg ptg nya ini","30/11/2022 00.00.00"
"tapi menarik, at least matkul MA yang pernah gw ambil materinya kepake di TA","30/11/2022 00.00.00"
"kita lebih optimis daripada jpn, tapi etos kerja kita kok jauh di bawah mereka ya","30/11/2022 00.00.00"
"geom kalo ga bisa ngapa ngapain, jawab pake ""clearly"" aja","30/11/2022 00.00.00"
"OpenAI's new ChatGPT explains the worst-case time complexity of the bubble sort algorithm, with Python code examples, in the style of a fast-talkin' wise guy from a 1940's gangster movie:","1/12/2022 00.00.00"
"Oh my God. OH MY GOD. I have found The Book. You know, the one that you read when you were 13 and barely remember anything about but then spent, like, 20 years on a holy quest to find said Book, just to prove that it actually exists? 

IT EXISTS.","2/12/2022 00.00.00"
"Gw selalu begini, meski gw ga ngerti apa apa yang dijelasin dosen","2/12/2022 00.00.00"
"anjerr ini namanya ga ada sensor sama sekali kahh??  https://twitter.com/BetaEpsilonPhi/status/1597940775886950400…","30/11/2022 00.00.00"
"anjir make graf buat text classification aneh banget, ga ada ptg ptg nya ini","30/11/2022 00.00.00"
"tapi menarik, at least matkul MA yang pernah gw ambil materinya kepake di TA","30/11/2022 00.00.00"
"kita lebih optimis daripada jpn, tapi etos kerja kita kok jauh di bawah mereka ya","30/11/2022 00.00.00"
"geom kalo ga bisa ngapa ngapain, jawab pake ""clearly"" aja","30/11/2022 00.00.00"
"The most ratioed tweet i've ever seen setelah twit incess itbfess waktu itu  https://twitter.com/Kurniawan349725/status/1597271585135947777…","29/11/2022 00.00.00"
"Bener bener minggu penuh pembantaian","29/11/2022 00.00.00"
"learning to code in R","22/11/2022 00.00.00"
"Materi proses stokastik bener bener diterapkan ke dalam pengumuman waktu kuis, sangat tidak disangka sangka","22/11/2022 00.00.00"
"nggak dimana mana, ketemu graf terus","23/11/2022 00.00.00"
"Penasaran, kok bisa bocor gini ya email internal wkwk","19/11/2022 00.00.00"
"Most of the time, claims that a scientific discovery changes the way we see reality are hugely overblown. But the Bell tests done by John Clauser, Alain Aspect, and Anton Zeilinger really did. Here's my day two story on this year's Physics Nobel.","7/10/2022 00.00.00"
"mau heran tapi ini po","7/10/2022 00.00.00"
"kuis geometri serunya main sos","4/10/2022 00.00.00"
"Hai, guys! Kantorku, Telkom Indonesia, sekarang lagi open recruitment nih! Untuk para pencari kerja di bidang data science & AI (data scientist, data analyst, data engineer, dan AI), bisa banget hubungin aku di dm. (bakal bikin thread detailnya hehe)

#jobseeker #jobhiring #kerja","4/10/2022 00.00.00"
"Selama ada akun"" ngga jelas yang membela kelakuan polisi dalam peristiwa kemarin, kita tahu negara ini masih bakal terus mengalami busuknya ""oknum"" polisi.  Orang"" yg bela kelakuan polisi model gini pasti dibayar.  Dan yg bayar pengen kita terus dijajah rasa takut pada aparat.","2/10/2022 00.00.00"
"Bencana sepak bola terbesar di dunia itu terjadi di Lima, Peru tahun 1964 menewaskan 328 jiwa. Tebak pencetusnya apa? Gas air mata.","2/10/2022 00.00.00"
"Big L take","2/10/2022 00.00.00"
"Police who kill civilians then lie about the circumstances need to face extraordinary punishment. That is a crime that is possibly higher than any civilian crime. It can simply not be tolerated in a civilized society.","2/10/2022 00.00.00"
"sialan, akun ke lock 3 hari tweet di bookmark gw ilang semua","30/9/2022 00.00.00"
"Terlepas dari kasus e***h, 

Ada kebijakan di UK tentang sugar tax yang efeknya ke industri minuman kemasan. 

Kebijakan ini memaksa industri untuk membuat produk baru memanfaatkan data.
 
Mari kita bahas!","26/9/2022 00.00.00"
"itb! udh dibilang jgn nunda nunda keteteran kan","26/9/2022 00.00.00"
"Alhandulillah operasinya udah selesai, semoga sehat terus ya

buat yg nembak nih kucing, gue sumpahin semua kejahatan balik lagi ke dia","16/4/2022 00.00.00"
"""cuma ngoding"". Kalo cuma ngoding knp TA yg bahas SVM bisa puluhan lembar dan ada di matem :')), kan katanya cuma import sklear,n import tensorflow as tf doang :'))","12/4/2022 00.00.00"
"today is the perfect day to a-nn-ounce the official release of a software library i've been working on in stealth mode this past month

panndas: neural networks in pandas

https://github.com/charlesfrye/panndas…","2/4/2022 00.00.00"
"Disini komentarnya lebih waras, daripada di portal berita yang isinya sentimen politik semua","27/3/2022 00.00.00"
"Ini bikinnya pake apa ya, cakep bener viz nya","11/3/2022 00.00.00"
"Kalo ketauan kaya gini, pasti sumber contekannya sesat, makanya yg nyontek pada ketauan  https://twitter.com/itbfess/status/1501813859614879746…","10/3/2022 00.00.00"
"6 bulan belajar matkul analisa data sama probability theory, baru bener bener paham definisi formalnya pas di akhir semester ","4/3/2022 00.00.00"
"""cuma ngoding"". Kalo cuma ngoding knp TA yg bahas SVM bisa puluhan lembar dan ada di matem :')), kan katanya cuma import sklear,n import tensorflow as tf doang :'))","12/4/2022 00.00.00"
"today is the perfect day to a-nn-ounce the official release of a software library i've been working on in stealth mode this past month

panndas: neural networks in pandas

https://github.com/charlesfrye/panndas…","2/4/2022 00.00.00"
"Disini komentarnya lebih waras, daripada di portal berita yang isinya sentimen politik semua","27/3/2022 00.00.00"
"Ini bikinnya pake apa ya, cakep bener viz nya","11/3/2022 00.00.00"
"Kalo ketauan kaya gini, pasti sumber contekannya sesat, makanya yg nyontek pada ketauan  https://twitter.com/itbfess/status/1501813859614879746…","10/3/2022 00.00.00"
"6 bulan belajar matkul analisa data sama probability theory, baru bener bener paham definisi formalnya pas di akhir semester ","4/3/2022 00.00.00"
"Kuliah jadi spesialis kok disuruh buka bisnis? LPDP buka buat MBA aja kalo gitu biar semuanya buka starap","2/3/2022 00.00.00"
"Yang salah bukan ngopi dan jalan-jalannya. 

Yang salah itu generasi di atas kita yang mengubah properti dari kebutuhan primer menjadi investasi.","20/2/2022 00.00.00"
"Imo, kalo emang matematika di sekolah mau diajarin fundamental kaya gini, kayanya kurikulum harus bisa akomodasi juga. Soalnya percuma, kalo pembelajarannya berbasis fundamental begini, tapi di sistem kurikulum matematika kita aja satu semester babnya terlalu banyak, soal (cont-)","18/2/2022 00.00.00"
"ujiannya masih modelan soal masukin rumus sama angka, buku paket dgn rumus bejibun yg sebenernya bisa cukup pake rumus dasar, dan masih lainnya. Soalnya kasian di siswanya, di satu sisi dia diajarin fundamental dengan nurunin rumus, tapi soal ujiannya nuntut dia utk ngerjain(cont","18/2/2022 00.00.00"
"satu soal 1 menit yang membuat dia mau ga mau harus hapalin rumus kompleks yang bejibun. That's my two cents sih, menurut anak pendidikan gimana nih? Wkwkw 
@berderaian","18/2/2022 00.00.00"
"Lama lama matem aktu bakal dibikin fakultas sendiri kayak biologi ","3/2/2022 00.00.00"
"Waduww spill the tea nih. Dokumen tentang keterlibatan Inggris pada tragedi 1965. Amnesty International Indonesia mendesak pak Jokowi buat ngebuka kasus 1965.

Link:
https://theguardian.com/world/2021/oct/17/slaughter-in-indonesia-britains-secret-propaganda-war…

https://cnnindonesia.com/nasional/20211021111147-12-710369/fakta-baru-dari-inggris-jokowi-didesak-buka-tragedi-1965…","23/10/2021 00.00.00"
"Ever felt like a fraud - despite knowing a ton?

Ever felt like a master - despite knowing very little? 

You're in luck - so has everyone else. 

Here's the antidote:","22/10/2021 00.00.00"
"Kasihan","22/10/2021 00.00.00"
"Kuantitas tidur normal tuh idealnya ya sekitar 7-8 jam. Tapi KAPAN WAKTU tidur juga memengaruhi kualitasnya.
""Terus klo semisal begadang nyelesain tugas/nonton film/binge watching sampai subuh, lalu lanjut tidur pagi sampai siang. Boleh ga? Toh jatah 7-8 jam terpenuhi?""

TIDAK!!!","12/10/2021 00.00.00"
"Lima hari saya pusing banget dan marah banget saat mengedit laporan ini: bagaimana polisi mengabaikan kasus kekerasan seksual yang sangat obvious ini. Terduga pelaku adalah ayahnya sendiri, ASN yang punya posisi di Luwu Timur.","6/10/2021 00.00.00"
"Ever felt like a fraud - despite knowing a ton?

Ever felt like a master - despite knowing very little? 

You're in luck - so has everyone else. 

Here's the antidote:","22/10/2021 00.00.00"
"Kasihan","22/10/2021 00.00.00"
"Kuantitas tidur normal tuh idealnya ya sekitar 7-8 jam. Tapi KAPAN WAKTU tidur juga memengaruhi kualitasnya.
""Terus klo semisal begadang nyelesain tugas/nonton film/binge watching sampai subuh, lalu lanjut tidur pagi sampai siang. Boleh ga? Toh jatah 7-8 jam terpenuhi?""

TIDAK!!!","12/10/2021 00.00.00"
"Lima hari saya pusing banget dan marah banget saat mengedit laporan ini: bagaimana polisi mengabaikan kasus kekerasan seksual yang sangat obvious ini. Terduga pelaku adalah ayahnya sendiri, ASN yang punya posisi di Luwu Timur.","6/10/2021 00.00.00"
"Saat ini sy sdg menulis surat rekom u/ mahasiswa yg melamar ke salah satu beasiswa terbaik di dunia. Sbg intelektual, mahasiswa sy ini sangat cerdas & aktif di kegiatan sosial politik. Ia jg miliki privilese sbg kebangsaan AS...","6/10/2021 00.00.00"
"Want to see the stunning Cowboy Bebop opening credit sequence?  Look no further as it just premiered at #TUDUM!","5/10/2021 00.00.00"
"good morning, this is making me lose my mind","26/9/2021 00.00.00"
"I believe eigen fly

I believe eigen touch the sky","24/9/2021 00.00.00"
"Krn Banyak di Twiter saya post nya di sini aja. ","1/7/2021 00.00.00"
"Saya kasihan kepada siapapun yang mendalilkan teori konspirasi. Apakah Anda begitu jatuh cinta terhadap teori itu sampai enggan menyerap informasi di luar yang Anda yakini? Kasihan sekali. Saya sarankan Anda cari bantuan. Enggak baik bagi Anda dan orang-orang sekitar Anda.","26/6/2021 00.00.00"
"Sejauh ini sih ini, mungkin semester depan bakal nambah lagi","24/6/2021 00.00.00"
"Masyarakat nyampein keresahan/aspirasi langsung ditodong pertanyaan:

""Lalu solusimu apa?""

Mental2 begini nih yang bikin kualitas proses pembuatan kebijakan publik kita anjlok. Selalu dituntut loncat ke solusi. Padahal definisiin masalah aja belum kelar.","17/6/2021 00.00.00"
"Kenapa nugget mekdi dijual dalam 3 pilihan
Isi 4, 6, dan 9: sudut pandang matematis 

[A Thread]

#BTSxMcD #BTSMeal","15/6/2021 00.00.00"
"Machine learning superpower: Be the one that makes better predictions.

I can teach you how to do this by putting 2+ models together.

Thread: beginner-friendly introduction to Ensembles.

• What are they?
• Why do they work? 
• Real-life examples.
• Practical tips.

↓","10/6/2021 00.00.00"
"Krn Banyak di Twiter saya post nya di sini aja. ","1/7/2021 00.00.00"
"Saya kasihan kepada siapapun yang mendalilkan teori konspirasi. Apakah Anda begitu jatuh cinta terhadap teori itu sampai enggan menyerap informasi di luar yang Anda yakini? Kasihan sekali. Saya sarankan Anda cari bantuan. Enggak baik bagi Anda dan orang-orang sekitar Anda.","26/6/2021 00.00.00"
"Sejauh ini sih ini, mungkin semester depan bakal nambah lagi","24/6/2021 00.00.00"
"Masyarakat nyampein keresahan/aspirasi langsung ditodong pertanyaan:

""Lalu solusimu apa?""

Mental2 begini nih yang bikin kualitas proses pembuatan kebijakan publik kita anjlok. Selalu dituntut loncat ke solusi. Padahal definisiin masalah aja belum kelar.","17/6/2021 00.00.00"
"Kenapa nugget mekdi dijual dalam 3 pilihan
Isi 4, 6, dan 9: sudut pandang matematis 

[A Thread]

#BTSxMcD #BTSMeal","15/6/2021 00.00.00"
"Machine learning superpower: Be the one that makes better predictions.

I can teach you how to do this by putting 2+ models together.

Thread: beginner-friendly introduction to Ensembles.

• What are they?
• Why do they work? 
• Real-life examples.
• Practical tips.

↓","10/6/2021 00.00.00"
"Yes, XGBoost is cool, but have you heard of CatBoost? by Amol Mavuduru","10/6/2021 00.00.00"
"when you learn conditional formatting","8/6/2021 00.00.00"
"Mood selepas jumatan","3/6/2021 00.00.00"
"Minpe kemarin habis belajar deep learning, tapi kok bukunya sobek terus ya.. 

Iyalah, orang belajarnya di dalem kolam renang xixixi 

#JokesnyaAnakData","4/6/2021 00.00.00"
"Satu telkom jadi slankers","31/5/2021 00.00.00"
"Truly remarkable!","23/2/2021 00.00.00"
"Newest view of sunset on MARS. HD NASA. Stunning!","20/2/2021 00.00.00"
"Order sajadah bermotif mesjid yang dateng malah motif iblis","16/2/2021 00.00.00"
"Masuk jurusan jalur peminatan 
Jalur pay2win ","17/2/2021 00.00.00"
"Truly remarkable!","23/2/2021 00.00.00"
"Newest view of sunset on MARS. HD NASA. Stunning!","20/2/2021 00.00.00"
"Order sajadah bermotif mesjid yang dateng malah motif iblis","16/2/2021 00.00.00"
"Masuk jurusan jalur peminatan 
Jalur pay2win ","17/2/2021 00.00.00"
"Ngeliat diehard fans pseudoscience nya harun yahya jadi pengen share ginian","8/2/2021 00.00.00"
"yeet!","8/2/2021 00.00.00"
"Golden ratio butt","6/2/2021 00.00.00"
"Step by step tutorial of Sci-kit Learn Pipeline by James Ho","12/1/2021 00.00.00"
"Interactive Machine Learning and Data Visualization with Streamlit by @dua_sejal","11/1/2021 00.00.00"
"poin 3 kan gara gara anda","25/11/2020 00.00.00"
"Normalise not having to eat the crust on Pizza.","25/11/2020 00.00.00"
"スーパー錯視ブラザーズ","24/11/2020 00.00.00"
"Sedang membayangkan 3 tahun kedepan","20/11/2020 00.00.00"
"A Tutorial on Scraping Images from the Web Using BeautifulSoup by Acusio Bivona","22/11/2020 00.00.00"
"Linear Regression Model with Python by Idil Ismiguzel","22/11/2020 00.00.00"
"Falcon 9’s first stage has landed on Landing Zone 4","22/11/2020 00.00.00"
"Adalah gw","22/11/2020 00.00.00"
"Mastering Word Embeddings in 10 Minutes with TensorFlow by 
@orhangaziyalcin","21/11/2020 00.00.00"
"4 Machine Learning Approaches that Every Data Scientist Should Know by 
@orhangaziyalcin
  https://buff.ly/35HfJ0d","19/11/2020 00.00.00"
"The U.S. military is buying location data about Muslims retrieved by Muslim dating and prayer apps, per 
@VICE
.

Apps include Muslim Pro (150 million downloads) and Muslim Mingle. The data is reportedly collected by a third party called X-Mode, which then sells it to contractors.","17/11/2020 00.00.00"
"Antek kapitalis :","12/10/2020 00.00.00"
"Contradiction at its finest","12/10/2020 00.00.00"
"π","11/10/2020 00.00.00"
"Update terkini dari 
@TirtoID
.

Jadi, draft paripurna *belum final* dan versi finalnya belum bisa diakses karena ""masih dirapikan"".

Kacau betul, UU tidak ada draft final sudah disahkan? 
@DPR_RI","8/10/2020 00.00.00"
"Entah kenapa kesialan maksimum selalu terjadi pas praktikum alstrukdat","8/10/2020 00.00.00"
"Uts online dirumah bener bener ga enak euy, terlalu banyak distraksi pas ngerjain","8/10/2020 00.00.00"
"Our online survey showed that all of the students had the required hardware and internet bandwidth to participate in the online courses.","6/10/2020 00.00.00"
"Financial time series are what's comes closest to perfectly generated noise. Predictable signals mean profit, and with the amount of competitive betting happening there, whenever there is an edge, the stock markets tends to remove it...
or do they?","5/10/2020 00.00.00"
"https://tirto.id/daftar-pasal-bermasalah-dan-kontroversi-omnibus-law-ruu-cipta-kerja-f5AU…","6/10/2020 00.00.00"
"Update terkini dari 
@TirtoID
.

Jadi, draft paripurna *belum final* dan versi finalnya belum bisa diakses karena ""masih dirapikan"".

Kacau betul, UU tidak ada draft final sudah disahkan? 
@DPR_RI","8/10/2020 00.00.00"
"Entah kenapa kesialan maksimum selalu terjadi pas praktikum alstrukdat","8/10/2020 00.00.00"
"Uts online dirumah bener bener ga enak euy, terlalu banyak distraksi pas ngerjain","8/10/2020 00.00.00"
"Our online survey showed that all of the students had the required hardware and internet bandwidth to participate in the online courses.","6/10/2020 00.00.00"
"Financial time series are what's comes closest to perfectly generated noise. Predictable signals mean profit, and with the amount of competitive betting happening there, whenever there is an edge, the stock markets tends to remove it...
or do they?","5/10/2020 00.00.00"
"https://tirto.id/daftar-pasal-bermasalah-dan-kontroversi-omnibus-law-ruu-cipta-kerja-f5AU…","6/10/2020 00.00.00"
"Kondisi timeline saat ini, Sad but true...","5/10/2020 00.00.00"
"malam ter hectic selalu jatuh pada malam kamis","29/9/2020 00.00.00"
"Confusion is a feeling that precedes learning something.

It means you should pay closer attention, not disengage.","27/9/2020 00.00.00"
"5 Must-Read Data Science Papers (and How to Use Them) by 
@Nicole_Janeway","26/9/2020 00.00.00"
"How to Analyze Emotions and Words of the Lyrics From your Favorite Music Artist by Cristobal Veas","25/9/2020 00.00.00"
"So tell me again should we risk getting infected to vote for people who doesn’t even care about our health (and lives) ?","24/9/2020 00.00.00"
"Mantan Istrinya Soekarno lagi viral di jepang, kirain mah apa, gataunya gara2 menang duel maen kartu Yugi-Oh ","22/9/2020 00.00.00"
"Itb! Yuk UP guys","28/7/2020 00.00.00"
"Emang bener impact dari pengajaran guru yang bagus itu jangka panjang bagi masa depan muridnya","28/7/2020 00.00.00"
"Lagi rame tentang postingan ""Haramnya Ilmu Filsafat"" nih. 

Mimin bakal ngejawab secara kontekstual pernyataan ""Tidak ada dalam Filsafat kecuali kebodohan, pemutaran kata, dan kebingungan, dan sebuah pembahasan bertele-tele tanpa penyelesaian.""

- a thread!","26/7/2020 00.00.00"
"BUKA DONASI BUKU UNTUK PERPUSTAKAAN JALANAN KELILING!

Kini telah hadir Lyceum, perpustakaan jalanan keliling yang hadir untuk membantu memberdayakan UKM seperti pengusaha kaki lima. Silakan bantu sebarkan apabila ada teman-teman yang ingin berbagian juga!","24/7/2020 00.00.00"
"ceng-cengan anak SD 10 tahun dari sekarang:
""hahaha emak lo punya onlyfans""","21/7/2020 00.00.00"
"Replying to 
@elonmusk","21/7/2020 00.00.00"
"Uhh we're in the shit part","21/7/2020 00.00.00"
"Fun fact, this is the number of milliseconds in a day.","13/7/2020 00.00.00"
"""Jangan lupa pulang buat bangun Indonesia, Kak.""

""Dulu aku ikut olimpiade tingkat provinsi (?) hadiahnya nggak sampai. Dikorupsi. Tanda tanganku dipalsukan.""","16/7/2020 00.00.00"
"I just built a *functioning* React app by describing what I wanted to GPT-3. 

I'm still in awe.","17/7/2020 00.00.00"
"Klo pernah nyontek gmn? Ya gpp akuin aja pernah salah. Wajar, ga usah hakimi diri sendiri. Jangan diulangin dan dibenarkan. Apalagi diglorifikasi, pake alasan ini itu, nyalahin sistem pendidikan segala.","20/6/2020 00.00.00"
"Pernah dengar “Jangan stres karena nilai TO karena soal TO itu sulit dan ga relevan sama UTBK.” ?","17/6/2020 00.00.00"
"Polisi mengklaim ingin tahu maksud warga bernama Ismail Ahmad mengunggah kutipan kesohor soal ""tiga jenis polisi jujur"" di Facebook.","17/6/2020 00.00.00"
"Zenius, you're breathtaking","17/6/2020 00.00.00"
"Kaggle's CORD-19 Challenge has asked the AI research community to apply text and data mining approaches to find answers to questions within, and connect insights across, a vast amount of SARS-CoV-2 coronavirus-related literature || [READ]","17/6/2020 00.00.00"
"2020 can't be any worse

World War 3: India slaughters 5 Chinese soldiers in bloody massacre- border tensions erupt http://shr.gs/eZ3xsXm","16/6/2020 00.00.00"
"Hegel merupakan seorang filsuf yang banyak pengikutnya seperti Sartre dan Marx, tetapi banyak pula penentangnya seperti Kierkegaard dan Nietzsche. Ia dikenal dengan metode dialektika serta karya fenomenalnya berjudul Phenomenology of the Spirit. Pemikirannya apasih?

- a thread!","15/6/2020 00.00.00"
"Klo pernah nyontek gmn? Ya gpp akuin aja pernah salah. Wajar, ga usah hakimi diri sendiri. Jangan diulangin dan dibenarkan. Apalagi diglorifikasi, pake alasan ini itu, nyalahin sistem pendidikan segala.","20/6/2020 00.00.00"
"Pernah dengar “Jangan stres karena nilai TO karena soal TO itu sulit dan ga relevan sama UTBK.” ?","17/6/2020 00.00.00"
"Polisi mengklaim ingin tahu maksud warga bernama Ismail Ahmad mengunggah kutipan kesohor soal ""tiga jenis polisi jujur"" di Facebook.","17/6/2020 00.00.00"
"Zenius, you're breathtaking","17/6/2020 00.00.00"
"Kaggle's CORD-19 Challenge has asked the AI research community to apply text and data mining approaches to find answers to questions within, and connect insights across, a vast amount of SARS-CoV-2 coronavirus-related literature || [READ]","17/6/2020 00.00.00"
"2020 can't be any worse

World War 3: India slaughters 5 Chinese soldiers in bloody massacre- border tensions erupt http://shr.gs/eZ3xsXm","16/6/2020 00.00.00"
"Hegel merupakan seorang filsuf yang banyak pengikutnya seperti Sartre dan Marx, tetapi banyak pula penentangnya seperti Kierkegaard dan Nietzsche. Ia dikenal dengan metode dialektika serta karya fenomenalnya berjudul Phenomenology of the Spirit. Pemikirannya apasih?

- a thread!","15/6/2020 00.00.00"
"1969: Margaret Hamilton alongside the code that got us to the moon
2019: Katie Bouman alongside the data that got us to the black hole","11/4/2019 00.00.00"
" https://t.co/0pZw1JBRWi","14/6/2020 00.00.00"
"Ahli Epidemiologi: Jangan Pakai Istilah New Normal, Indonesia itu Tidak Normal https://kumparan.com/kumparansains/ahli-epidemiologi-jangan-pakai-istilah-new-normal-indonesia-itu-tidak-normal-1tbVZdZCR9z?utm_source=kumMobile&utm_medium=twitter&utm_campaign=share&shareID=1eSGezFSw4Kc…","14/6/2020 00.00.00"
"Blessed torture","13/6/2020 00.00.00"
"Najis ching chong baperan","12/6/2020 00.00.00"
"History of physics in a few sentences. Mostly this is just for lols, but it's true that the number of mysteries that physics may help shine a light on in the next 100 years is exciting.","12/6/2020 00.00.00"
"Yang benar adalah nafsu birahi pada pandangan pertama. Waduh...","17/5/2020 00.00.00"
"Terimakasih Kalkukus 2, berkatmu aku baru ngeh maksudnya gradient descent","18/5/2020 00.00.00"
"Ngabuburit ya nonton my fuhrer","15/5/2020 00.00.00"
"GTA V trending? Can’t forget this Moment","15/5/2020 00.00.00"
"How to more cases than anybody in the world","15/5/2020 00.00.00"
"Bukannya physical distancing, malah brain distancing. Tambah jauh dari otak.","14/5/2020 00.00.00"
"Terimakasih Kalkukus 2, berkatmu aku baru ngeh maksudnya gradient descent","18/5/2020 00.00.00"
"Ngabuburit ya nonton my fuhrer","15/5/2020 00.00.00"
"GTA V trending? Can’t forget this Moment","15/5/2020 00.00.00"
"How to more cases than anybody in the world","15/5/2020 00.00.00"
"Bukannya physical distancing, malah brain distancing. Tambah jauh dari otak.","14/5/2020 00.00.00"
"Alhamdulillah... mabok","14/5/2020 00.00.00"
"We all know this feeling on launch day ","13/5/2020 00.00.00"
"Nerd song that sometimes entertain me","13/5/2020 00.00.00"
"Edisi kangen ITB mumpung dapet izin masuk buat ke lab","11/5/2020 00.00.00"
"Here’s a song for you… Sweet Chaos by DAY6
https://open.spotify.com/track/499qjESUqiZjlNI7XQhyLp?si=oIlf3cAxSpW327yyTBKmdQ…","11/5/2020 00.00.00"
"https://techgrabyte.com/googles-ai-design-computer-chips-in-6-hours/…","10/5/2020 00.00.00"
"Orang-orang twitter ni direpost instagram marah-marah tapi tiap hari ngerepost quora sama tiktok","9/5/2020 00.00.00"
"Integral lipat asik juga","10/5/2020 00.00.00"
"Inuyasha related project ""Hanyo no Yashahime"" TV anime has been announced!!!

SUNRISE is animating the series.
The anime is slated to premiere on Fall 2020.","9/5/2020 00.00.00"
"Me - Kim Jong Un is dead

Friend - How the fuck do you know?

Me -","25/4/2020 00.00.00"
"New Stanford CS229: Machine Learning lectures are now on YouTube: https://youtube.com/playlist?list=PLoROMvodv4rMiGQp3WXShtMGgzqpfVfbU…

CS229 is IMO one of (or THE) best general ML intro class. These are finally replacing the amazing but extremely low-quality lectures from 2008. Andrew doesn’t seem to have aged either!","26/4/2020 00.00.00"
"Ngomongin teori konspirasi corona sama orang yg percaya kalo bumi itu datar, I’m not a smart people, but please dude. Untung waktu ditawarin interview di channel nya, aku mundur. Alhamdulillah keputusan yg tepat","23/4/2020 00.00.00"
"Orang - orang kok pada suka telur setengah mateng ya","25/4/2020 00.00.00"
"Stop it lmao","25/4/2020 00.00.00"
"A journey through Ancient Greece ","24/4/2020 00.00.00"
"Jadi pengen dikasih minyak biar dapet uang xixixi","22/4/2020 00.00.00"
"Gif you can hear","4/4/2020 00.00.00"
"Never give up!

Voice: 
@Sydsnap
  
Music: Don't Lose Your Way -Instrumental- (Kill la Kill)
Original Dialogue: Shuzo Matsuoka","28/3/2020 00.00.00"
"Unpopular opinion https://id.quora.com/Mengapa-Presiden-Joko-Widodo-menolak-untuk-melakukan-lockdown/answer/Chris-Tumimomor?ch=2&share=6287fbcc&srid=t2MLB…","2/4/2020 00.00.00"
"Misandrisme dengan tameng feminisme","1/4/2020 00.00.00"
"Good to read

https://linkedin.com/pulse/covid-19-survival-analyses-a-lab/…","31/3/2020 00.00.00"
"https://arstechnica.com/science/2019/12/how-i-created-a-deepfake-of-mark-zuckerberg-and-star-treks-data/…","31/3/2020 00.00.00"
"Blm ada mcd dago pasti","31/3/2020 00.00.00"
"I like the sound of this man. I like his spirit of enterprise. The world needds more like him.","30/3/2020 00.00.00"
"The second one is winning","28/3/2020 00.00.00"
"Forgetting about an assignment that’s due and hearing someone else say “wait we had an assignment?” is one of the most comforting feelings","25/3/2020 00.00.00"
"","26/3/2020 00.00.00"
"Dedication 100 https://twitter.com/historylvrsclub/status/1242932017194508292…","26/3/2020 00.00.00"
"This year's GDC may have been postponed, but our devs still want to share their knowledge with the industry  Watch their recorded talks for free here!","25/3/2020 00.00.00"
"Replying to 
@ranggadachlan","1/3/2020 00.00.00"
"ANF! ","26/2/2020 00.00.00"
"Freeman Dyson has died at 96. Dyson helped construct the standard model of particle physics, and he envisioned the Singularity decades before that term was adopted. A tribute, by 
@Horganism
.","29/2/2020 00.00.00"
"https://id.quora.com/Apa-ide-Heidegger-yang-paling-menarik/answer/Bimo-Bramantyo-2?ch=2&share=ba1a454d&srid=t2MLB…","26/2/2020 00.00.00"
"Menarik. 

Dennis Prager: Who Would You Save — Your Dog Or A Stranger? https://investors.com/politics/columnists/who-would-you-save-your-dog-or-a-stranger-dennis-prager/… via 
@IBDeditorials","26/2/2020 00.00.00"
"Jawaban untuk Mengapa dunia terasa semakin absurd semakin kita dewasa? oleh Muhammad Hafidh https://id.quora.com/Mengapa-dunia-terasa-semakin-absurd-semakin-kita-dewasa/answer/Muhammad-Hafidh-1?ch=2&share=637449f3&srid=t2MLB…","26/2/2020 00.00.00"
"Next level of patience","25/2/2020 00.00.00"
"ANF! ","26/2/2020 00.00.00"
"Freeman Dyson has died at 96. Dyson helped construct the standard model of particle physics, and he envisioned the Singularity decades before that term was adopted. A tribute, by 
@Horganism
.","29/2/2020 00.00.00"
"https://id.quora.com/Apa-ide-Heidegger-yang-paling-menarik/answer/Bimo-Bramantyo-2?ch=2&share=ba1a454d&srid=t2MLB…","26/2/2020 00.00.00"
"Menarik. 

Dennis Prager: Who Would You Save — Your Dog Or A Stranger? https://investors.com/politics/columnists/who-would-you-save-your-dog-or-a-stranger-dennis-prager/… via 
@IBDeditorials","26/2/2020 00.00.00"
"Jawaban untuk Mengapa dunia terasa semakin absurd semakin kita dewasa? oleh Muhammad Hafidh https://id.quora.com/Mengapa-dunia-terasa-semakin-absurd-semakin-kita-dewasa/answer/Muhammad-Hafidh-1?ch=2&share=637449f3&srid=t2MLB…","26/2/2020 00.00.00"
"Next level of patience","25/2/2020 00.00.00"
"Jarang - jarang berjamaah","22/2/2020 00.00.00"
"When I was in 7th grade, a teacher made a life-long impact on me in ways I wouldn't understand for a long time.

A very personal thread about compassion and computers. 

Cheers to the educators that truly care.","20/2/2020 00.00.00"
"Meanwhile, inside the box, Schrödinger's cat plans its revenge.","7/1/2020 00.00.00"
"bjirr negara kok hobi banget ngatur privacy orang","20/2/2020 00.00.00"
"Most people on review section says it has slow character development, tapi gw justru malah enjoy ama anime model begini","21/1/2020 00.00.00"
"Agak cocoklogi but interesting to do research","18/1/2020 00.00.00"
"Colonization of the Solar System.","14/1/2020 00.00.00"
"i take all the crap i've said about dubbed anime back. i love dubbed anime now","14/1/2020 00.00.00"
"I know that's plastic love ","11/1/2020 00.00.00"
"A new 
@aniplexUSA
 figure has just been added to our website!
http://rsani.me/l1zpy","11/1/2020 00.00.00"
"Future traffic jammin'.⁣","9/1/2020 00.00.00"
"NEW VIDEO: How to Escape a Super Nova: Stellar Engines","22/12/2019 00.00.00"
"I put the art in fart","9/1/2020 00.00.00"
"It was only 282 years ago that Euler presented in his textbooks the exact formula for the volume of a sphere","4/1/2020 00.00.00"
"The whole world trying to explain to Iran that we don’t like Trump either
#WWIII","3/1/2020 00.00.00"
"I'll find my way
Through night and day
'Cause I know I just can't stay
Here in heaven
Time can bring you down
Time can bend your knees
Time can break your heart
Have you begging please, begging please
Beyond the door
There's peace I'm sure
And I know there'll be no more","30/11/2019 00.00.00"
"Tears In Heaven""
Would you know my name
If I saw you in heaven?
Would it be the same
If I saw you in heaven?
I must be strong
And carry on
'Cause I know I don't belong
Here in heaven

Would you hold my hand
If I saw you in heaven?
Would you help me stand
If I saw you in heaven?","30/11/2019 00.00.00"
"Cute","30/11/2019 00.00.00"
"Thanksgiving can be super intense... remember to keep smiling and don't drink too much so you can defend yourself if things go sideways. Highest statistics of depression and the like on this and Xmas, actually. We love you and wish you peace and tranquility!","29/11/2019 00.00.00"
"Can relate","27/11/2019 00.00.00"
"What the fuck is wrong with the society

Merasakan Ikut Pesta Antar Dimensi di Banyumas https://vice.com/id_id/article/3kx9vn/merasakan-ikut-pesta-kesurupan-antar-dimensi-ebeg-di-banyumas?utm_campaign=sharebutton… via 
@vice","20/11/2019 00.00.00"
"A truly ""ilmu yang diaplikasikan""","20/11/2019 00.00.00"
"Guess i've just studied statistical mechanic lel","16/11/2019 00.00.00"
"Tears In Heaven""
Would you know my name
If I saw you in heaven?
Would it be the same
If I saw you in heaven?
I must be strong
And carry on
'Cause I know I don't belong
Here in heaven

Would you hold my hand
If I saw you in heaven?
Would you help me stand
If I saw you in heaven?","30/11/2019 00.00.00"
"Cute","30/11/2019 00.00.00"
"Thanksgiving can be super intense... remember to keep smiling and don't drink too much so you can defend yourself if things go sideways. Highest statistics of depression and the like on this and Xmas, actually. We love you and wish you peace and tranquility!","29/11/2019 00.00.00"
"Can relate","27/11/2019 00.00.00"
"What the fuck is wrong with the society

Merasakan Ikut Pesta Antar Dimensi di Banyumas https://vice.com/id_id/article/3kx9vn/merasakan-ikut-pesta-kesurupan-antar-dimensi-ebeg-di-banyumas?utm_campaign=sharebutton… via 
@vice","20/11/2019 00.00.00"
"A truly ""ilmu yang diaplikasikan""","20/11/2019 00.00.00"
"Guess i've just studied statistical mechanic lel","16/11/2019 00.00.00"
"Mantap https://twitter.com/rahadenbagas/status/1193191427699658752…","12/11/2019 00.00.00"
"A fist fight to the finish. 

: u/Light_VG","11/11/2019 00.00.00"
"Toxic in balik","26/10/2019 00.00.00"
"Heran gw lupa mulu dah perpanjang mana denda 2 minggu bjirrrrr","25/10/2019 00.00.00"
"Anjay mantep

https://giphy.com/gifs/l0ExayL8BbmqsQBY4?tc=1… via 
@giphy","25/10/2019 00.00.00"
"Bjirrr","22/10/2019 00.00.00"
"Bruh","24/9/2019 00.00.00"
"Baca ginian pas liburan gak konsisten gara gara summer sale Gaben sialan","8/7/2019 00.00.00"
"Good luck manteman ","8/7/2019 00.00.00"
"Potray my twitter's feeds nowadays","8/7/2019 00.00.00"
"Belajar mathlab ternyata sulit juga ya","6/7/2019 00.00.00"
"Bisa aja paspampres satu ini","28/6/2019 00.00.00"
"Got plans Tuesday, July 2? We're testing 
@NASA_Orion
's launch abort system to verify that the crew capsule can be steered to safety if necessary. Watch the test flight that will help pave the way for #Artemis missions to the Moon and then to Mars: https://go.nasa.gov/2Yebhj5","26/6/2019 00.00.00"
"Yea","25/6/2019 00.00.00"
"Welcome home 
@AstroAnnimal
!  See you back in Houston on Tuesday night! https://nasa.gov/live","25/6/2019 00.00.00"
"MIT memang selalu jadi idaman","25/6/2019 00.00.00"
"Konferensi Pers: Penetapan Tersangka","25/6/2019 00.00.00"
"This mission marks the first reuse of side boosters that flew on a previous Falcon Heavy mission","23/6/2019 00.00.00"
"This mission marks the first reuse of side boosters that flew on a previous Falcon Heavy mission","23/6/2019 00.00.00"
"Ultimate Waifu Shiina Mashiro 
#SakurasounoPetnaKanojo","19/6/2019 00.00.00"
"Saya melaporkan adanya Njir momen disini","31/5/2019 00.00.00"
"","23/5/2019 00.00.00"
"We are going to the Moon — to stay.

We will build sustainable infrastructure to support missions to Mars and beyond. This is what we’re building. This is what we’re training for. We are going. #Moon2024","14/5/2019 00.00.00"
"This mission marks the first reuse of side boosters that flew on a previous Falcon Heavy mission","23/6/2019 00.00.00"
"Ultimate Waifu Shiina Mashiro 
#SakurasounoPetnaKanojo","19/6/2019 00.00.00"
"Saya melaporkan adanya Njir momen disini","31/5/2019 00.00.00"
"","23/5/2019 00.00.00"
"We are going to the Moon — to stay.

We will build sustainable infrastructure to support missions to Mars and beyond. This is what we’re building. This is what we’re training for. We are going. #Moon2024","14/5/2019 00.00.00"
"This mission marks the first reuse of side boosters that flew on a previous Falcon Heavy mission","23/6/2019 00.00.00"
"Ultimate Waifu Shiina Mashiro 
#SakurasounoPetnaKanojo","19/6/2019 00.00.00"
"Saya melaporkan adanya Njir momen disini","31/5/2019 00.00.00"
"","23/5/2019 00.00.00"
"We are going to the Moon — to stay.

We will build sustainable infrastructure to support missions to Mars and beyond. This is what we’re building. This is what we’re training for. We are going. #Moon2024","14/5/2019 00.00.00"
"This mission marks the first reuse of side boosters that flew on a previous Falcon Heavy mission","23/6/2019 00.00.00"
"Ultimate Waifu Shiina Mashiro 
#SakurasounoPetnaKanojo","19/6/2019 00.00.00"
"Saya melaporkan adanya Njir momen disini","31/5/2019 00.00.00"
"","23/5/2019 00.00.00"
"We are going to the Moon — to stay.

We will build sustainable infrastructure to support missions to Mars and beyond. This is what we’re building. This is what we’re training for. We are going. #Moon2024","14/5/2019 00.00.00"
"This mission marks the first reuse of side boosters that flew on a previous Falcon Heavy mission","23/6/2019 00.00.00"
"Ultimate Waifu Shiina Mashiro 
#SakurasounoPetnaKanojo","19/6/2019 00.00.00"
"Saya melaporkan adanya Njir momen disini","31/5/2019 00.00.00"
"","23/5/2019 00.00.00"
"We are going to the Moon — to stay.

We will build sustainable infrastructure to support missions to Mars and beyond. This is what we’re building. This is what we’re training for. We are going. #Moon2024","14/5/2019 00.00.00"
"This mission marks the first reuse of side boosters that flew on a previous Falcon Heavy mission","23/6/2019 00.00.00"
"Ultimate Waifu Shiina Mashiro 
#SakurasounoPetnaKanojo","19/6/2019 00.00.00"
"Saya melaporkan adanya Njir momen disini","31/5/2019 00.00.00"
"","23/5/2019 00.00.00"
"We are going to the Moon — to stay.

We will build sustainable infrastructure to support missions to Mars and beyond. This is what we’re building. This is what we’re training for. We are going. #Moon2024","14/5/2019 00.00.00"